{
	"info": {
		"_postman_id": "0da4941e-3a43-4e88-8b2d-c89232f21128",
		"name": "capermint",
		"schema": "https://schema.getpostman.com/json/collection/v2.1.0/collection.json",
		"_exporter_id": "25357329"
	},
	"item": [
		{
			"name": "autherozation",
			"item": [
				{
					"name": "login",
					"request": {
						"method": "POST",
						"header": [
							{
								"key": "Accept",
								"value": "application/json",
								"type": "text"
							}
						],
						"body": {
							"mode": "formdata",
							"formdata": [
								{
									"key": "email",
									"value": "bikramlenka9518@gmail.comr",
									"type": "text"
								},
								{
									"key": "password",
									"value": "12345678867r",
									"type": "text"
								}
							]
						},
						"url": {
							"raw": "http://127.0.0.1:8000/api/signin",
							"protocol": "http",
							"host": [
								"127",
								"0",
								"0",
								"1"
							],
							"port": "8000",
							"path": [
								"api",
								"signin"
							]
						}
					},
					"response": []
				},
				{
					"name": "register",
					"request": {
						"method": "POST",
						"header": [
							{
								"key": "Accept",
								"value": "application/json",
								"type": "text"
							}
						],
						"body": {
							"mode": "formdata",
							"formdata": [
								{
									"key": "Fullname",
									"value": "bikramdf",
									"type": "text"
								},
								{
									"key": "email",
									"value": "bikramlenka9518@gmail.comr",
									"type": "text"
								},
								{
									"key": "password",
									"value": "12345678867r",
									"type": "text"
								},
								{
									"key": "phone",
									"value": "1538314352",
									"type": "text"
								}
							]
						},
						"url": {
							"raw": "http://127.0.0.1:8000/api/signup",
							"protocol": "http",
							"host": [
								"127",
								"0",
								"0",
								"1"
							],
							"port": "8000",
							"path": [
								"api",
								"signup"
							]
						}
					},
					"response": []
				}
			]
		},
		{
			"name": "show category with product",
			"request": {
				"method": "GET",
				"header": [
					{
						"key": "Accept",
						"value": "application/json",
						"type": "text"
					}
				],
				"url": {
					"raw": "http://127.0.0.1:8000/api/category_product",
					"protocol": "http",
					"host": [
						"127",
						"0",
						"0",
						"1"
					],
					"port": "8000",
					"path": [
						"api",
						"category_product"
					]
				}
			},
			"response": []
		},
		{
			"name": "product details",
			"request": {
				"method": "GET",
				"header": [
					{
						"key": "Accept",
						"value": "application/json",
						"type": "text"
					}
				],
				"url": {
					"raw": "http://127.0.0.1:8000/api/product/1",
					"protocol": "http",
					"host": [
						"127",
						"0",
						"0",
						"1"
					],
					"port": "8000",
					"path": [
						"api",
						"product",
						"1"
					],
					"query": [
						{
							"key": "",
							"value": null,
							"disabled": true
						}
					]
				}
			},
			"response": []
		},
		{
			"name": "categories list",
			"request": {
				"method": "GET",
				"header": [
					{
						"key": "Accept",
						"value": "application/json",
						"type": "text"
					}
				],
				"url": {
					"raw": "http://127.0.0.1:8000/api/category-list",
					"protocol": "http",
					"host": [
						"127",
						"0",
						"0",
						"1"
					],
					"port": "8000",
					"path": [
						"api",
						"category-list"
					]
				}
			},
			"response": []
		},
		{
			"name": "search_product",
			"request": {
				"method": "POST",
				"header": [],
				"body": {
					"mode": "formdata",
					"formdata": [
						{
							"key": "search_text",
							"value": "airtel",
							"type": "text"
						}
					]
				},
				"url": {
					"raw": "http://127.0.0.1:8000/api/product/search",
					"protocol": "http",
					"host": [
						"127",
						"0",
						"0",
						"1"
					],
					"port": "8000",
					"path": [
						"api",
						"product",
						"search"
					]
				}
			},
			"response": []
		}
	]
}